Date,Reduced
1/18/2020,0.334225325
1/19/2020,0.340643138
1/20/2020,0.278977591
1/21/2020,0.196780604
1/22/2020,0.097700394
1/23/2020,0.028380845
1/24/2020,-0.053576576
1/25/2020,-0.124347412
1/26/2020,-0.189441999
1/27/2020,-0.2351886
1/28/2020,-0.262830632
1/29/2020,-0.263618204
1/30/2020,-0.301420323
1/31/2020,-0.283045144
2/1/2020,-0.324217195
2/2/2020,-0.311351141
2/3/2020,-0.324334792
2/4/2020,-0.311536534
2/5/2020,-0.325411507
2/6/2020,-0.317388639
2/7/2020,-0.296140059
2/8/2020,-0.293725093
2/9/2020,-0.318490017
2/10/2020,-0.297619794
2/11/2020,-0.281685704
2/12/2020,-0.279528432
2/13/2020,-0.320482359
2/14/2020,-0.318036221
2/15/2020,-0.295
2/16/2020,-0.291
2/17/2020,-0.285833333
2/18/2020,-0.284285714
2/19/2020,-0.279285714
2/20/2020,-0.272857143
2/21/2020,-0.272142857
2/22/2020,-0.270714286
2/23/2020,-0.27
2/24/2020,-0.269285714
2/25/2020,-0.267142857
2/26/2020,-0.262857143
2/27/2020,-0.258571429
2/28/2020,-0.255
2/29/2020,-0.251428571
3/1/2020,-0.249285714
3/2/2020,-0.245714286
3/3/2020,-0.241428571
3/4/2020,-0.239285714
3/5/2020,-0.237857143
3/6/2020,-0.236428571
3/7/2020,-0.233571429
3/8/2020,-0.230714286
3/9/2020,-0.229285714
3/10/2020,-0.229285714
3/11/2020,-0.229285714
3/12/2020,-0.225
3/13/2020,-0.223571429
3/14/2020,-0.226428571
3/15/2020,-0.231428571
3/16/2020,-0.235714286
3/17/2020,-0.238571429
3/18/2020,-0.245714286
3/19/2020,-0.257142857
3/20/2020,-0.265
3/21/2020,-0.272857143
3/22/2020,-0.277142857
3/23/2020,-0.283571429
3/24/2020,-0.29
3/25/2020,-0.3
3/26/2020,-0.316428571
3/27/2020,-0.325714286
3/28/2020,-0.33
3/29/2020,-0.332142857
3/30/2020,-0.332857143
3/31/2020,-0.335
4/1/2020,-0.334166667
4/2/2020,-0.3375
4/3/2020,-0.340833333
4/4/2020,-0.336666667
4/5/2020,-0.333333333
4/6/2020,-0.325833333
4/7/2020,-0.329
4/8/2020,-0.329
4/9/2020,-0.306
4/10/2020,-0.29125
4/11/2020,-0.285
4/12/2020,-0.27875
4/13/2020,-0.28125
4/14/2020,-0.285
4/15/2020,-0.285
4/16/2020,-0.283333333
4/17/2020,-0.284285714
4/18/2020,-0.286428571
4/19/2020,-0.295714286
4/20/2020,-0.3
4/21/2020,-0.300714286
4/22/2020,-0.298571429
4/23/2020,-0.295714286
4/24/2020,-0.294285714
4/25/2020,-0.290714286
4/26/2020,-0.277142857
4/27/2020,-0.274166667
4/28/2020,-0.268
4/29/2020,-0.263
4/30/2020,-0.261
5/1/2020,-0.257
5/2/2020,-0.254
5/3/2020,-0.256
5/4/2020,-0.25
5/5/2020,-0.244285714
5/6/2020,-0.236428571
5/7/2020,-0.222857143
5/8/2020,-0.217857143
5/9/2020,-0.213571429
5/10/2020,-0.209285714
5/11/2020,-0.206428571
5/12/2020,-0.205
5/13/2020,-0.204285714
5/14/2020,-0.208571429
5/15/2020,-0.211428571
5/16/2020,-0.21
5/17/2020,-0.207857143
5/18/2020,-0.208571429
5/19/2020,-0.209285714
5/20/2020,-0.209285714
5/21/2020,-0.207142857
5/22/2020,-0.205714286
5/23/2020,-0.205
5/24/2020,-0.205
5/25/2020,-0.199285714
5/26/2020,-0.192857143
5/27/2020,-0.201428571
5/28/2020,-0.2
5/29/2020,-0.192142857
5/30/2020,-0.189285714
5/31/2020,-0.185
6/1/2020,-0.185714286
6/2/2020,-0.185714286
6/3/2020,-0.179285714
6/4/2020,-0.195
6/5/2020,-0.200714286
6/6/2020,-0.197857143
6/7/2020,-0.195714286
6/8/2020,-0.190714286
6/9/2020,-0.187142857
6/10/2020,-0.182142857
6/11/2020,-0.175
6/12/2020,-0.166428571
6/13/2020,-0.164285714
6/14/2020,-0.161428571
6/15/2020,-0.16
6/16/2020,-0.158571429
6/17/2020,-0.152142857
6/18/2020,-0.136428571
6/19/2020,-0.133571429
6/20/2020,-0.131428571
6/21/2020,-0.127142857
6/22/2020,-0.1275
6/23/2020,-0.129166667
6/24/2020,-0.135
6/25/2020,-0.14
6/26/2020,-0.14
6/27/2020,-0.134166667
6/28/2020,-0.139
6/29/2020,-0.1375
6/30/2020,-0.1375
7/1/2020,-0.135
7/2/2020,-0.135833333
7/3/2020,-0.135
7/4/2020,-0.135833333
7/5/2020,-0.135714286
7/6/2020,-0.135
7/7/2020,-0.137142857
7/8/2020,-0.143571429
7/9/2020,-0.152857143
7/10/2020,-0.165714286
7/11/2020,-0.184285714
7/12/2020,-0.205714286
7/13/2020,-0.227857143
7/14/2020,-0.248571429
7/15/2020,-0.268571429
7/16/2020,-0.29
7/17/2020,-0.306428571
7/18/2020,-0.322857143
7/19/2020,-0.332857143
7/20/2020,-0.343571429
7/21/2020,-0.354285714
7/22/2020,-0.362142857
7/23/2020,-0.368571429
7/24/2020,-0.371428571
7/25/2020,-0.372142857
7/26/2020,-0.385714286
7/27/2020,-0.396428571
7/28/2020,-0.400714286
7/29/2020,-0.405714286
7/30/2020,-0.405714286
7/31/2020,-0.408571429
8/1/2020,-0.409285714
8/2/2020,-0.398571429
8/3/2020,-0.386428571
8/4/2020,-0.379285714
8/5/2020,-0.367857143
8/6/2020,-0.36
8/7/2020,-0.353571429
8/8/2020,-0.350714286
8/9/2020,-0.348571429
8/10/2020,-0.345714286
8/11/2020,-0.342857143
8/12/2020,-0.34
8/13/2020,-0.335714286
8/14/2020,-0.335714286
8/15/2020,-0.333333333
8/16/2020,-0.328
8/17/2020,-0.32
8/18/2020,-0.315
8/19/2020,-0.309
8/20/2020,-0.302
8/21/2020,-0.295
8/22/2020,-0.296666667
8/23/2020,-0.296428571
8/24/2020,-0.296428571
8/25/2020,-0.29
8/26/2020,-0.284285714
8/27/2020,-0.277857143
8/28/2020,-0.271428571
8/29/2020,-0.266428571
8/30/2020,-0.262142857
8/31/2020,-0.257142857
9/1/2020,-0.255
9/2/2020,-0.253571429
9/3/2020,-0.251428571
9/4/2020,-0.250714286
9/5/2020,-0.251428571
9/6/2020,-0.249285714
9/7/2020,-0.247142857
9/8/2020,-0.241428571
9/9/2020,-0.236428571
9/10/2020,-0.229285714
9/11/2020,-0.225714286
9/12/2020,-0.224285714
9/13/2020,-0.217142857
9/14/2020,-0.213571429
9/15/2020,-0.214285714
9/16/2020,-0.212857143
9/17/2020,-0.210714286
9/18/2020,-0.21
9/19/2020,-0.200714286
9/20/2020,-0.197857143
9/21/2020,-0.192142857
9/22/2020,-0.185714286
9/23/2020,-0.179285714
9/24/2020,-0.176428571
9/25/2020,-0.17
9/26/2020,-0.163571429
9/27/2020,-0.152857143
9/28/2020,-0.15
9/29/2020,-0.147
9/30/2020,-0.15
10/1/2020,-0.153
10/2/2020,-0.149
10/3/2020,-0.149
10/4/2020,-0.157
10/5/2020,-0.153333333
10/6/2020,-0.150714286
10/7/2020,-0.147857143
10/8/2020,-0.145
10/9/2020,-0.144285714
10/10/2020,-0.1425
10/11/2020,-0.140833333
10/12/2020,-0.136666667
10/13/2020,-0.133333333
10/14/2020,-0.130833333
10/15/2020,-0.126666667
10/16/2020,-0.125833333
10/17/2020,-0.128571429
10/18/2020,-0.128571429
10/19/2020,-0.128571429
10/20/2020,-0.129285714
10/21/2020,-0.13
10/22/2020,-0.121428571
10/23/2020,-0.1175
10/24/2020,-0.115833333
10/25/2020,-0.116666667
10/26/2020,-0.1175
10/27/2020,-0.116666667
10/28/2020,-0.115
10/29/2020,-0.124166667
10/30/2020,-0.127142857
10/31/2020,-0.127142857
11/1/2020,-0.127142857
11/2/2020,-0.127857143
11/3/2020,-0.127857143
11/4/2020,-0.127857143
11/5/2020,-0.127142857
11/6/2020,-0.127142857
11/7/2020,-0.129285714
11/8/2020,-0.127857143
11/9/2020,-0.127142857
11/10/2020,-0.127857143
11/11/2020,-0.13
11/12/2020,-0.127857143
11/13/2020,-0.129285714
11/14/2020,-0.129285714
11/15/2020,-0.132142857
11/16/2020,-0.134285714
11/17/2020,-0.135714286
11/18/2020,-0.137857143
11/19/2020,-0.145714286
11/20/2020,-0.150714286
11/21/2020,-0.156428571
11/22/2020,-0.160714286
11/23/2020,-0.165714286
11/24/2020,-0.171428571
11/25/2020,-0.174285714
11/26/2020,-0.176428571
11/27/2020,-0.177142857
11/28/2020,-0.177857143
11/29/2020,-0.187857143
11/30/2020,-0.197857143
12/1/2020,-0.207857143
12/2/2020,-0.215714286
12/3/2020,-0.225714286
12/4/2020,-0.233571429
12/5/2020,-0.243571429
12/6/2020,-0.245
12/7/2020,-0.251428571
12/8/2020,-0.257857143
12/9/2020,-0.265
12/10/2020,-0.269285714
12/11/2020,-0.275714286
12/12/2020,-0.280714286
12/13/2020,-0.285
12/14/2020,-0.285
12/15/2020,-0.283571429
12/16/2020,-0.280714286
12/17/2020,-0.278571429
12/18/2020,-0.273571429
12/19/2020,-0.270714286
12/20/2020,-0.266428571
12/21/2020,-0.255714286
12/22/2020,-0.2525
12/23/2020,-0.252
12/24/2020,-0.251
12/25/2020,-0.251
12/26/2020,-0.248
12/27/2020,-0.247
12/28/2020,-0.25
12/29/2020,-0.25
12/30/2020,-0.253333333
12/31/2020,-0.2525
1/1/2021,-0.255
1/2/2021,-0.256666667
1/3/2021,-0.2575
1/4/2021,-0.263333333
1/5/2021,-0.265714286
1/6/2021,-0.263571429
1/7/2021,-0.265
1/8/2021,-0.265714286
1/9/2021,-0.264285714
1/10/2021,-0.264285714
1/11/2021,-0.266428571
1/12/2021,-0.266428571
1/13/2021,-0.267142857
1/14/2021,-0.268571429
1/15/2021,-0.270714286
1/16/2021,-0.276428571
1/17/2021,-0.280714286
1/18/2021,-0.281428571
1/19/2021,-0.281428571
1/20/2021,-0.280714286
1/21/2021,-0.281428571
1/22/2021,-0.280714286
1/23/2021,-0.278571429
1/24/2021,-0.277142857
1/25/2021,-0.275
1/26/2021,-0.272142857
1/27/2021,-0.268571429
1/28/2021,-0.262142857
1/29/2021,-0.257142857
1/30/2021,-0.253571429
1/31/2021,-0.25
2/1/2021,-0.246428571
2/2/2021,-0.242857143
2/3/2021,-0.239285714
2/4/2021,-0.232857143
2/5/2021,-0.227857143
2/6/2021,-0.220714286
2/7/2021,-0.22
2/8/2021,-0.212142857
2/9/2021,-0.208333333
2/10/2021,-0.209
2/11/2021,-0.219
2/12/2021,-0.21875
2/13/2021,-0.2325
2/14/2021,-0.235
2/15/2021,-0.2375
2/16/2021,-0.23
2/17/2021,-0.221666667
2/18/2021,-0.2125
2/19/2021,-0.210714286
2/20/2021,-0.200714286
2/21/2021,-0.190714286
2/22/2021,-0.189285714
2/23/2021,-0.185
2/24/2021,-0.185
2/25/2021,-0.182142857
2/26/2021,-0.18
2/27/2021,-0.177857143
2/28/2021,-0.177142857
3/1/2021,-0.177857143
3/2/2021,-0.177857143
3/3/2021,-0.175714286
3/4/2021,-0.178571429
3/5/2021,-0.177142857
3/6/2021,-0.176428571
3/7/2021,-0.174285714
3/8/2021,-0.169285714
3/9/2021,-0.167142857
3/10/2021,-0.165
3/11/2021,-0.158571429
3/12/2021,-0.158571429
3/13/2021,-0.158571429
3/14/2021,-0.157857143
3/15/2021,-0.157857143
3/16/2021,-0.156428571
3/17/2021,-0.153571429
3/18/2021,-0.155
3/19/2021,-0.154285714
3/20/2021,-0.152857143
3/21/2021,-0.152142857
3/22/2021,-0.15
3/23/2021,-0.148571429
3/24/2021,-0.146428571
3/25/2021,-0.141428571
3/26/2021,-0.139285714
3/27/2021,-0.136428571
3/28/2021,-0.132142857
3/29/2021,-0.126428571
3/30/2021,-0.125
3/31/2021,-0.127
4/1/2021,-0.122
4/2/2021,-0.11375
4/3/2021,-0.101666667
4/4/2021,-0.103333333
4/5/2021,-0.113333333
4/6/2021,-0.12125
4/7/2021,-0.121
4/8/2021,-0.127
4/9/2021,-0.128333333
4/10/2021,-0.129285714
4/11/2021,-0.128571429
4/12/2021,-0.127857143
4/13/2021,-0.124285714
4/14/2021,-0.127142857
4/15/2021,-0.123571429
4/16/2021,-0.122857143
4/17/2021,-0.122142857
4/18/2021,-0.120714286
4/19/2021,-0.117857143
4/20/2021,-0.115714286
4/21/2021,-0.109285714
4/22/2021,-0.110714286
4/23/2021,-0.112142857
4/24/2021,-0.117142857
4/25/2021,-0.117857143
4/26/2021,-0.117857143
4/27/2021,-0.115
4/28/2021,-0.118333333
4/29/2021,-0.1175
4/30/2021,-0.1175
5/1/2021,-0.109166667
5/2/2021,-0.105
5/3/2021,-0.1025
5/4/2021,-0.101666667
5/5/2021,-0.098571429
5/6/2021,-0.092857143
5/7/2021,-0.088571429
5/8/2021,-0.087857143
5/9/2021,-0.085714286
5/10/2021,-0.082857143
5/11/2021,-0.082142857
5/12/2021,-0.080714286
5/13/2021,-0.083571429
5/14/2021,-0.080714286
5/15/2021,-0.074285714
5/16/2021,-0.0725
5/17/2021,-0.075
5/18/2021,-0.075
5/19/2021,-0.0775
5/20/2021,-0.080833333
5/21/2021,-0.08
5/22/2021,-0.084166667
5/23/2021,-0.082142857
5/24/2021,-0.077857143
5/25/2021,-0.075
5/26/2021,-0.073571429
5/27/2021,-0.072142857
5/28/2021,-0.071428571
5/29/2021,-0.073571429
5/30/2021,-0.073571429
5/31/2021,-0.072857143
6/1/2021,-0.074285714
6/2/2021,-0.074285714
6/3/2021,-0.075
6/4/2021,-0.073571429
6/5/2021,-0.068571429
6/6/2021,-0.068571429
6/7/2021,-0.067857143
6/8/2021,-0.065714286
6/9/2021,-0.07
6/10/2021,-0.065714286
6/11/2021,-0.065
6/12/2021,-0.0675
6/13/2021,-0.0675
6/14/2021,-0.07
6/15/2021,-0.0725
6/16/2021,-0.068333333
6/17/2021,-0.070833333
6/18/2021,-0.074285714
6/19/2021,-0.077857143
6/20/2021,-0.083571429
6/21/2021,-0.087857143
6/22/2021,-0.087857143
6/23/2021,-0.090714286
6/24/2021,-0.091428571
6/25/2021,-0.104285714
6/26/2021,-0.100714286
6/27/2021,-0.092857143
6/28/2021,-0.094166667
6/29/2021,-0.094166667
6/30/2021,-0.089166667
7/1/2021,-0.086666667
7/2/2021,-0.065833333
7/3/2021,-0.063333333
7/4/2021,-0.064166667
7/5/2021,-0.06
7/6/2021,-0.057142857
7/7/2021,-0.054285714
7/8/2021,-0.051428571
7/9/2021,-0.052142857
7/10/2021,-0.051428571
7/11/2021,-0.051428571
7/12/2021,-0.050714286
7/13/2021,-0.052142857
7/14/2021,-0.051428571
7/15/2021,-0.053571429
7/16/2021,-0.061428571
7/17/2021,-0.073571429
7/18/2021,-0.075714286
7/19/2021,-0.075714286
7/20/2021,-0.074285714
7/21/2021,-0.077142857
7/22/2021,-0.075
7/23/2021,-0.067857143
7/24/2021,-0.057857143
7/25/2021,-0.057142857
7/26/2021,-0.061428571
7/27/2021,-0.064285714
7/28/2021,-0.064285714
7/29/2021,-0.055714286
7/30/2021,-0.05
7/31/2021,-0.047142857
8/1/2021,-0.044285714
8/2/2021,-0.042857143
8/3/2021,-0.039285714
8/4/2021,-0.034285714
8/5/2021,-0.037857143
8/6/2021,-0.041428571
8/7/2021,-0.040714286
8/8/2021,-0.037857143
8/9/2021,-0.033571429
8/10/2021,-0.032142857
8/11/2021,-0.033571429
8/12/2021,-0.032857143
8/13/2021,-0.032142857
8/14/2021,-0.031428571
8/15/2021,-0.033571429
8/16/2021,-0.035
8/17/2021,-0.035
8/18/2021,-0.034285714
8/19/2021,-0.035
8/20/2021,-0.033571429
8/21/2021,-0.033571429
8/22/2021,-0.032142857
8/23/2021,-0.03
8/24/2021,-0.035
8/25/2021,-0.033571429
8/26/2021,-0.035714286
8/27/2021,-0.035
8/28/2021,-0.037857143
8/29/2021,-0.034285714
8/30/2021,-0.031428571
8/31/2021,-0.023571429
9/1/2021,-0.022857143
9/2/2021,-0.020714286
9/3/2021,-0.019285714
9/4/2021,-0.012142857
9/5/2021,-0.012857143
9/6/2021,-0.013571429
9/7/2021,-0.012142857
9/8/2021,-0.011428571
9/9/2021,-0.012142857
9/10/2021,-0.012142857
9/11/2021,-0.014285714
9/12/2021,-0.012857143
9/13/2021,-0.012857143
9/14/2021,-0.011428571
9/15/2021,-0.008571429
9/16/2021,-0.007142857
9/17/2021,-0.005
9/18/2021,0.003571429
9/19/2021,0.005
9/20/2021,-0.001666667
9/21/2021,-0.0075
9/22/2021,-0.014166667
9/23/2021,-0.02
9/24/2021,-0.024166667
9/25/2021,-0.035
9/26/2021,-0.034285714
9/27/2021,-0.022857143
9/28/2021,-0.0225
9/29/2021,-0.0175
9/30/2021,-0.0125
10/1/2021,-0.01
10/2/2021,-0.0075
10/3/2021,-0.004166667
10/4/2021,-0.010833333
10/5/2021,-0.032857143
10/6/2021,-0.0375
10/7/2021,-0.044
10/8/2021,-0.036
10/9/2021,-0.03875
10/10/2021,-0.048333333
10/11/2021,-0.0725
10/12/2021,0.005
10/13/2021,0.005
10/14/2021,0.00625
10/15/2021,-0.0025
10/16/2021,-0.005
10/17/2021,-0.005833333
10/18/2021,-0.006428571
10/19/2021,-0.005714286
10/20/2021,-0.007142857
10/21/2021,-0.007857143
10/22/2021,-0.008571429
10/23/2021,-0.008571429
10/24/2021,-0.008571429
10/25/2021,-0.005714286
10/26/2021,-0.003571429
10/27/2021,-0.002142857
10/28/2021,0.000714286
10/29/2021,0.001428571
10/30/2021,0.000714286
10/31/2021,0.001428571
11/1/2021,0.002142857
11/2/2021,0.002142857
11/3/2021,0.003571429
11/4/2021,0.002857143
11/5/2021,0.002142857
11/6/2021,0.002142857
11/7/2021,0.002142857
11/8/2021,0.002142857
11/9/2021,0.002857143
11/10/2021,0.001428571
11/11/2021,0.003571429
11/12/2021,0.004285714
11/13/2021,0.005
11/14/2021,0.005
11/15/2021,0.005
11/16/2021,0.004285714
11/17/2021,0.006428571
11/18/2021,0.006428571
11/19/2021,0.004285714
11/20/2021,0.002857143
11/21/2021,0.002857143
11/22/2021,0.003571429
11/23/2021,0.005
11/24/2021,0.005714286
11/25/2021,0.005714286
11/26/2021,0.009285714
11/27/2021,0.012142857
11/28/2021,0.012857143
11/29/2021,0.013571429
11/30/2021,0.012142857
12/1/2021,0.010714286
12/2/2021,0.010714286
12/3/2021,0.009285714
12/4/2021,0.008571429
12/5/2021,0.009285714
12/6/2021,0.009285714
12/7/2021,0.010714286
12/8/2021,0.012857143
12/9/2021,0.013571429
12/10/2021,0.014285714
12/11/2021,0.015
12/12/2021,0.016428571
12/13/2021,0.019285714
12/14/2021,0.021428571
12/15/2021,0.021428571
12/16/2021,0.041428571
12/17/2021,0.039285714
12/18/2021,0.039285714
12/19/2021,0.038571429
12/20/2021,0.037857143
12/21/2021,0.037857143
12/22/2021,0.039166667
12/23/2021,0.013333333
12/24/2021,0.021
12/25/2021,0.017
12/26/2021,0.014
12/27/2021,0.012
12/28/2021,0.011
12/29/2021,0.011
12/30/2021,0.003
12/31/2021,0.000833333
1/1/2022,0.001666667
1/2/2022,0.000833333
1/3/2022,-0.0025
1/4/2022,-0.020833333
1/5/2022,-0.035
1/6/2022,-0.053571429
1/7/2022,-0.065714286
1/8/2022,-0.077142857
1/9/2022,-0.09
1/10/2022,-0.103571429
1/11/2022,-0.11
1/12/2022,-0.11
1/13/2022,-0.105
1/14/2022,-0.107857143
1/15/2022,-0.11
1/16/2022,-0.109285714
1/17/2022,-0.107857143
1/18/2022,-0.105
1/19/2022,-0.107142857
1/20/2022,-0.110714286
1/21/2022,-0.115
1/22/2022,-0.12
1/23/2022,-0.125
1/24/2022,-0.130714286
1/25/2022,-0.133571429
1/26/2022,-0.129285714
1/27/2022,-0.122142857
1/28/2022,-0.117857143
1/29/2022,-0.1125
1/30/2022,-0.109
1/31/2022,-0.1075
2/1/2022,-0.13625
2/2/2022,-0.1725
2/3/2022,-0.21125
2/4/2022,-0.245
2/5/2022,-0.245
2/6/2022,-0.245
2/7/2022,-0.246428571
2/8/2022,-0.248571429
2/9/2022,-0.251428571
2/10/2022,-0.260714286
2/11/2022,-0.258571429
2/12/2022,-0.263571429
2/13/2022,-0.268571429
2/14/2022,-0.276428571
2/15/2022,-0.282142857
2/16/2022,-0.297142857
2/17/2022,-0.317142857
2/18/2022,-0.335714286
2/19/2022,-0.349285714
2/20/2022,-0.352857143
2/21/2022,-0.356428571
2/22/2022,-0.364285714
2/23/2022,-0.361428571
2/24/2022,-0.352857143
2/25/2022,-0.349285714
2/26/2022,-0.348571429
2/27/2022,-0.360714286
2/28/2022,-0.370714286
3/1/2022,-0.381428571
3/2/2022,-0.391428571
3/3/2022,-0.4
3/4/2022,-0.41
3/5/2022,-0.416428571
3/6/2022,-0.420714286
3/7/2022,-0.420714286
3/8/2022,-0.420714286
3/9/2022,-0.419285714
3/10/2022,-0.413571429
3/11/2022,-0.412142857
3/12/2022,-0.410714286
3/13/2022,-0.407142857
3/14/2022,-0.403571429
3/15/2022,-0.397857143
3/16/2022,-0.390714286
3/17/2022,-0.388571429
3/18/2022,-0.383571429
3/19/2022,-0.379285714
3/20/2022,-0.381428571
3/21/2022,-0.38
3/22/2022,-0.378571429
3/23/2022,-0.374285714
3/24/2022,-0.367142857
3/25/2022,-0.367857143
3/26/2022,-0.364285714
3/27/2022,-0.351428571
3/28/2022,-0.340714286
3/29/2022,-0.334285714
3/30/2022,-0.332857143
3/31/2022,-0.322857143
4/1/2022,-0.310714286
4/2/2022,-0.304166667
4/3/2022,-0.300833333
4/4/2022,-0.289166667
4/5/2022,-0.275833333
4/6/2022,-0.258333333
4/7/2022,-0.248333333
4/8/2022,-0.240833333
4/9/2022,-0.242142857
4/10/2022,-0.234285714
4/11/2022,-0.232857143
4/12/2022,-0.23
4/13/2022,-0.232
4/14/2022,-0.228
4/15/2022,-0.225
4/16/2022,-0.23
4/17/2022,-0.23
4/18/2022,-0.22125
4/19/2022,-0.213
4/20/2022,-0.200833333
4/21/2022,-0.191666667
4/22/2022,-0.190714286
4/23/2022,-0.179285714
4/24/2022,-0.169285714
4/25/2022,-0.165714286
4/26/2022,-0.162142857
4/27/2022,-0.160714286
4/28/2022,-0.165714286
4/29/2022,-0.1625
4/30/2022,-0.155833333
5/1/2022,-0.149166667
5/2/2022,-0.143333333
5/3/2022,-0.136666667
5/4/2022,-0.134166667
5/5/2022,-0.1125
5/6/2022,-0.1125
5/7/2022,-0.114166667
5/8/2022,-0.126666667
5/9/2022,-0.1425
5/10/2022,-0.154166667
5/11/2022,-0.160833333
5/12/2022,-0.178333333
5/13/2022,-0.175714286
5/14/2022,-0.172142857
5/15/2022,-0.16
5/16/2022,-0.145
5/17/2022,-0.132857143
5/18/2022,-0.125
5/19/2022,-0.117857143
5/20/2022,-0.116428571
5/21/2022,-0.117857143
5/22/2022,-0.118571429
5/23/2022,-0.117857143
5/24/2022,-0.122857143
5/25/2022,-0.122142857
5/26/2022,-0.12
5/27/2022,-0.115714286
5/28/2022,-0.113571429
5/29/2022,-0.111428571
5/30/2022,-0.105714286
5/31/2022,-0.100833333
6/1/2022,-0.104166667
6/2/2022,-0.106666667
6/3/2022,-0.1125
6/4/2022,-0.116666667
6/5/2022,-0.13
6/6/2022,-0.140833333
6/7/2022,-0.138571429
6/8/2022,-0.141428571
6/9/2022,-0.142142857
6/10/2022,-0.138571429
6/11/2022,-0.139285714
6/12/2022,-0.129285714
6/13/2022,-0.125
6/14/2022,-0.121428571
6/15/2022,-0.115
6/16/2022,-0.110714286
6/17/2022,-0.111428571
6/18/2022,-0.107857143
6/19/2022,-0.107857143
6/20/2022,-0.109285714
6/21/2022,-0.110714286
6/22/2022,-0.113571429
6/23/2022,-0.115714286
6/24/2022,-0.115
6/25/2022,-0.115
6/26/2022,-0.114285714
6/27/2022,-0.111428571
6/28/2022,-0.111666667
6/29/2022,-0.112
6/30/2022,-0.11
7/1/2022,-0.112
7/2/2022,-0.113
7/3/2022,-0.114
7/4/2022,-0.119
7/5/2022,-0.115833333
7/6/2022,-0.114285714
7/7/2022,-0.115
7/8/2022,-0.112857143
7/9/2022,-0.112142857
7/10/2022,-0.112142857
7/11/2022,-0.112142857
7/12/2022,-0.114285714
7/13/2022,-0.114285714
7/14/2022,-0.114285714
7/15/2022,-0.117142857
7/16/2022,-0.117142857
7/17/2022,-0.116428571
7/18/2022,-0.115714286
7/19/2022,-0.115714286
7/20/2022,-0.116428571
7/21/2022,-0.12
7/22/2022,-0.119285714
7/23/2022,-0.119285714
7/24/2022,-0.12
7/25/2022,-0.12
7/26/2022,-0.120714286
7/27/2022,-0.123571429
7/28/2022,-0.118571429
7/29/2022,-0.117142857
7/30/2022,-0.117857143
7/31/2022,-0.120714286
8/1/2022,-0.125714286
8/2/2022,-0.130714286
8/3/2022,-0.128571429
8/4/2022,-0.122142857
8/5/2022,-0.122142857
8/6/2022,-0.128571429
8/7/2022,-0.134285714
8/8/2022,-0.130714286
8/9/2022,-0.128571429
8/10/2022,-0.123571429
8/11/2022,-0.127857143
8/12/2022,-0.125
8/13/2022,-0.115
8/14/2022,-0.104285714
8/15/2022,-0.099285714
8/16/2022,-0.093571429
8/17/2022,-0.093571429
8/18/2022,-0.091428571
8/19/2022,-0.090714286
8/20/2022,-0.088571429
8/21/2022,-0.085
8/22/2022,-0.085
8/23/2022,-0.085
8/24/2022,-0.085
8/25/2022,-0.088
8/26/2022,-0.09
8/27/2022,-0.093
8/28/2022,-0.095833333
8/29/2022,-0.095
8/30/2022,-0.093571429
8/31/2022,-0.094285714
9/1/2022,-0.094285714
9/2/2022,-0.092142857
9/3/2022,-0.090714286
9/4/2022,-0.088571429
9/5/2022,-0.086428571
9/6/2022,-0.084285714
9/7/2022,-0.085
9/8/2022,-0.087142857
9/9/2022,-0.085
9/10/2022,-0.0875
9/11/2022,-0.09
9/12/2022,-0.0925
9/13/2022,-0.096666667
9/14/2022,-0.098333333
9/15/2022,-0.103333333
9/16/2022,-0.105714286
9/17/2022,-0.106428571
9/18/2022,-0.105714286
9/19/2022,-0.105714286
9/20/2022,-0.105
9/21/2022,-0.102142857
9/22/2022,-0.097857143
9/23/2022,-0.096428571
9/24/2022,-0.095
9/25/2022,-0.094285714
9/26/2022,-0.094285714
9/27/2022,-0.097142857
9/28/2022,-0.1
9/29/2022,-0.093333333
9/30/2022,-0.084166667
10/1/2022,-0.078
10/2/2022,-0.077
10/3/2022,-0.074
10/4/2022,-0.067
10/5/2022,-0.068333333
10/6/2022,-0.075833333
10/7/2022,-0.085
10/8/2022,-0.089285714
10/9/2022,-0.09
10/10/2022,-0.091428571
10/11/2022,-0.091428571
10/12/2022,-0.09
10/13/2022,-0.0925
10/14/2022,-0.089
10/15/2022,-0.0825
